timestamp,open,high,low,close,volume
2026-04-25 00:30:00,455.79,455.79,455.79,455.79,0.0
2026-04-25 00:35:00,455.79,455.79,455.79,455.79,0.0
2026-04-25 00:40:00,455.79,455.79,455.79,455.79,0.0
2026-04-25 00:45:00,455.79,455.79,455.79,455.79,0.0
2026-04-25 00:50:00,455.79,455.79,455.79,455.79,0.0
2026-04-25 00:55:00,455.79,455.79,455.79,455.79,0.0
2026-04-25 01:00:00,455.79,455.79,455.79,455.79,0.0
2026-04-25 01:05:00,455.79,455.79,455.79,455.79,0.0
2026-04-25 01:10:00,455.5,455.5,455.5,455.5,2.84409407
2026-04-25 01:15:00,455.93,455.93,455.93,455.93,0.06027203
2026-04-25 01:20:00,455.93,455.93,455.93,455.93,0.0
2026-04-25 01:25:00,455.93,455.93,455.93,455.93,0.0
2026-04-25 01:30:00,455.93,455.93,455.93,455.93,0.0
2026-04-25 01:35:00,455.93,455.93,455.93,455.93,0.0
2026-04-25 01:40:00,455.93,455.93,455.93,455.93,0.0
2026-04-25 01:45:00,455.93,455.93,455.93,455.93,0.0
2026-04-25 01:50:00,455.93,455.93,455.93,455.93,0.0
2026-04-25 01:55:00,455.93,455.93,455.93,455.93,0.0
2026-04-25 02:00:00,454.95,454.95,454.95,454.95,0.0115
2026-04-25 02:05:00,454.95,454.95,454.95,454.95,0.0
2026-04-25 02:10:00,454.95,454.95,454.95,454.95,0.0
2026-04-25 02:15:00,454.95,454.95,454.95,454.95,0.0
2026-04-25 02:20:00,454.95,454.95,454.95,454.95,0.0
2026-04-25 02:25:00,454.95,454.95,454.95,454.95,0.0
2026-04-25 02:30:00,454.95,454.95,454.95,454.95,0.0
2026-04-25 02:35:00,454.95,454.95,454.95,454.95,0.0
2026-04-25 02:40:00,454.95,454.95,454.95,454.95,0.0
2026-04-25 02:45:00,454.95,454.95,454.95,454.95,0.0
2026-04-25 02:50:00,454.95,454.95,454.95,454.95,0.0
2026-04-25 02:55:00,454.95,454.95,454.95,454.95,0.0
2026-04-25 03:00:00,454.95,454.95,454.95,454.95,0.0
2026-04-25 03:05:00,454.95,454.95,454.95,454.95,0.0
2026-04-25 03:10:00,454.95,454.95,454.95,454.95,0.0
2026-04-25 03:15:00,454.95,454.95,454.95,454.95,0.0
2026-04-25 03:20:00,454.95,454.95,454.95,454.95,0.0
2026-04-25 03:25:00,454.95,454.95,454.95,454.95,0.0
2026-04-25 03:30:00,454.95,454.95,454.95,454.95,0.0
2026-04-25 03:35:00,454.95,454.95,454.95,454.95,0.0
2026-04-25 03:40:00,454.95,454.95,454.95,454.95,0.0
2026-04-25 03:45:00,454.95,454.95,454.95,454.95,0.0
2026-04-25 03:50:00,454.95,454.95,454.95,454.95,0.0
2026-04-25 03:55:00,454.95,454.95,454.95,454.95,0.0
2026-04-25 04:00:00,454.95,454.95,454.95,454.95,0.0
2026-04-25 04:05:00,454.95,454.95,454.95,454.95,0.0
2026-04-25 04:10:00,454.95,454.95,454.95,454.95,0.0
2026-04-25 04:15:00,454.95,454.95,454.95,454.95,0.0
2026-04-25 04:20:00,454.95,454.95,454.95,454.95,0.0
2026-04-25 04:25:00,454.95,454.95,454.95,454.95,0.0
2026-04-25 04:30:00,454.95,454.95,454.95,454.95,0.0
2026-04-25 04:35:00,454.95,454.95,454.95,454.95,0.0
2026-04-25 04:40:00,454.95,454.95,454.95,454.95,0.0
2026-04-25 04:45:00,454.95,454.95,454.95,454.95,0.0
2026-04-25 04:50:00,454.95,454.95,454.95,454.95,0.0
2026-04-25 04:55:00,454.95,454.95,454.95,454.95,0.0
2026-04-25 05:00:00,454.95,454.95,454.95,454.95,0.0
2026-04-25 05:05:00,454.95,454.95,454.95,454.95,0.0
2026-04-25 05:10:00,454.95,454.95,454.95,454.95,0.0
2026-04-25 05:15:00,454.95,454.95,454.95,454.95,0.0
2026-04-25 05:20:00,454.95,454.95,454.95,454.95,0.0
2026-04-25 05:25:00,454.95,454.95,454.95,454.95,0.0
2026-04-25 05:30:00,454.95,454.95,454.95,454.95,0.0
2026-04-25 05:35:00,454.95,454.95,454.95,454.95,0.0
2026-04-25 05:40:00,454.95,454.95,454.95,454.95,0.0
2026-04-25 05:45:00,454.95,454.95,454.95,454.95,0.0
2026-04-25 05:50:00,454.95,454.95,454.95,454.95,0.0
2026-04-25 05:55:00,454.95,454.95,454.95,454.95,0.0
2026-04-25 06:00:00,454.95,454.95,454.95,454.95,0.0
2026-04-25 06:05:00,454.95,454.95,454.95,454.95,0.0
2026-04-25 06:10:00,454.95,454.95,454.95,454.95,0.0
2026-04-25 06:15:00,455.93,455.93,455.93,455.93,0.06658994
2026-04-25 06:20:00,455.93,455.93,455.93,455.93,0.0
2026-04-25 06:25:00,455.93,455.93,455.93,455.93,0.0
2026-04-25 06:30:00,455.93,455.93,455.93,455.93,0.0
2026-04-25 06:35:00,455.93,455.93,455.93,455.93,0.0
2026-04-25 06:40:00,455.93,455.93,455.93,455.93,0.0
2026-04-25 06:45:00,455.93,455.93,455.93,455.93,0.0
2026-04-25 06:50:00,455.93,455.93,455.93,455.93,0.0
2026-04-25 06:55:00,455.93,455.93,455.93,455.93,0.0
2026-04-25 07:00:00,455.93,455.93,455.93,455.93,0.0
2026-04-25 07:05:00,455.93,455.93,455.93,455.93,0.0
2026-04-25 07:10:00,454.76,454.76,454.76,454.76,0.05378475
2026-04-25 07:15:00,454.76,454.76,454.76,454.76,0.0
2026-04-25 07:20:00,454.76,454.76,454.76,454.76,0.0
2026-04-25 07:25:00,454.76,454.76,454.76,454.76,0.0
2026-04-25 07:30:00,454.76,454.76,454.76,454.76,0.0
2026-04-25 07:35:00,454.76,454.76,454.76,454.76,0.0
2026-04-25 07:40:00,454.76,454.76,454.76,454.76,0.0
2026-04-25 07:45:00,454.76,454.76,454.76,454.76,0.0
2026-04-25 07:50:00,454.76,454.76,454.76,454.76,0.0
2026-04-25 07:55:00,454.76,454.76,454.76,454.76,0.0
2026-04-25 08:00:00,454.76,454.76,454.76,454.76,0.0
2026-04-25 08:05:00,454.76,454.76,454.76,454.76,0.0
2026-04-25 08:10:00,454.76,454.76,454.76,454.76,0.0
2026-04-25 08:15:00,454.76,454.76,454.76,454.76,0.0
2026-04-25 08:20:00,454.76,454.76,454.76,454.76,0.0
2026-04-25 08:25:00,454.76,454.76,454.76,454.76,0.0
2026-04-25 08:30:00,454.98,454.98,454.98,454.98,0.1
2026-04-25 08:35:00,454.98,454.98,454.98,454.98,0.0
2026-04-25 08:40:00,454.98,454.98,454.98,454.98,0.0
2026-04-25 08:45:00,454.98,454.98,454.98,454.98,0.0
2026-04-25 08:50:00,454.98,454.98,454.98,454.98,0.0
2026-04-25 08:55:00,454.98,454.98,454.98,454.98,0.0
2026-04-25 09:00:00,454.98,454.98,454.98,454.98,0.0
2026-04-25 09:05:00,454.98,454.98,454.98,454.98,0.0
2026-04-25 09:10:00,454.98,454.98,454.98,454.98,0.0
2026-04-25 09:15:00,454.98,454.98,454.98,454.98,0.0
2026-04-25 09:20:00,454.98,454.98,454.98,454.98,0.0
2026-04-25 09:25:00,454.98,454.98,454.98,454.98,0.0
2026-04-25 09:30:00,454.98,454.98,454.98,454.98,0.0
2026-04-25 09:35:00,454.98,454.98,454.98,454.98,0.0
2026-04-25 09:40:00,454.98,454.98,454.98,454.98,0.0
2026-04-25 09:45:00,454.98,454.98,454.98,454.98,0.0
2026-04-25 09:50:00,454.98,454.98,454.98,454.98,0.0
2026-04-25 09:55:00,454.98,454.98,454.98,454.98,0.0
2026-04-25 10:00:00,454.98,454.98,454.98,454.98,0.0
2026-04-25 10:05:00,454.98,454.98,454.98,454.98,0.0
2026-04-25 10:10:00,454.98,454.98,454.98,454.98,0.0
2026-04-25 10:15:00,454.98,454.98,454.98,454.98,0.0
2026-04-25 10:20:00,454.98,454.98,454.98,454.98,0.0
2026-04-25 10:25:00,454.98,454.98,454.98,454.98,0.0
2026-04-25 10:30:00,454.98,454.98,454.98,454.98,0.0
2026-04-25 10:35:00,454.98,454.98,454.98,454.98,0.0
2026-04-25 10:40:00,454.98,454.98,454.98,454.98,0.0
2026-04-25 10:45:00,454.98,454.98,454.98,454.98,0.0
2026-04-25 10:50:00,454.89,454.89,454.89,454.89,0.05013774
2026-04-25 10:55:00,454.89,454.89,454.89,454.89,0.0
2026-04-25 11:00:00,454.89,454.89,454.89,454.89,0.0
2026-04-25 11:05:00,454.89,454.89,454.89,454.89,0.0
2026-04-25 11:10:00,454.89,454.89,454.89,454.89,0.0
2026-04-25 11:15:00,454.89,454.89,454.89,454.89,0.0
2026-04-25 11:20:00,454.89,454.89,454.89,454.89,0.0
2026-04-25 11:25:00,454.89,454.89,454.89,454.89,0.0
2026-04-25 11:30:00,453.79,453.79,453.73,453.73,2.21162766
2026-04-25 11:35:00,453.71,453.71,453.71,453.71,0.10738409
2026-04-25 11:40:00,453.71,453.71,453.71,453.71,0.0
2026-04-25 11:45:00,453.71,453.71,453.71,453.71,0.02204051
2026-04-25 11:50:00,453.71,453.71,453.71,453.71,0.0
2026-04-25 11:55:00,453.71,453.71,453.71,453.71,0.0
2026-04-25 12:00:00,453.71,453.71,453.71,453.71,0.0
2026-04-25 12:05:00,453.71,453.71,453.71,453.71,0.0
2026-04-25 12:10:00,453.71,453.71,453.71,453.71,0.0
2026-04-25 12:15:00,453.71,453.71,453.71,453.71,0.0
2026-04-25 12:20:00,453.71,453.71,453.71,453.71,0.0
2026-04-25 12:25:00,453.71,453.71,453.71,453.71,0.0
2026-04-25 12:30:00,453.71,453.71,453.71,453.71,0.0
2026-04-25 12:35:00,453.34,453.34,453.34,453.34,0.03308775
2026-04-25 12:40:00,453.34,453.34,453.34,453.34,0.0
2026-04-25 12:45:00,453.34,453.34,453.34,453.34,0.0
2026-04-25 12:50:00,453.2,453.2,453.2,453.2,0.04417774
2026-04-25 12:55:00,453.2,453.2,453.2,453.2,0.0
2026-04-25 13:00:00,453.2,453.2,453.2,453.2,0.0
2026-04-25 13:05:00,453.8,453.8,453.8,453.8,0.10857687
2026-04-25 13:10:00,453.8,453.8,453.8,453.8,0.0
2026-04-25 13:15:00,453.8,453.8,453.8,453.8,0.0
2026-04-25 13:20:00,454.19,454.19,454.19,454.19,0.02209619
2026-04-25 13:25:00,454.19,454.19,454.19,454.19,0.0
2026-04-25 13:30:00,454.19,454.19,454.19,454.19,0.0
2026-04-25 13:35:00,454.19,454.19,454.19,454.19,0.0
2026-04-25 13:40:00,454.32,454.32,454.32,454.32,0.04468354
2026-04-25 13:45:00,454.82,454.82,454.82,454.82,1.712
2026-04-25 13:50:00,454.82,454.82,454.82,454.82,0.0
2026-04-25 13:55:00,454.82,454.82,454.82,454.82,0.0
2026-04-25 14:00:00,454.82,454.82,454.82,454.82,0.0
2026-04-25 14:05:00,454.82,454.82,454.82,454.82,0.0
2026-04-25 14:10:00,454.82,454.82,454.82,454.82,0.0
2026-04-25 14:15:00,454.82,454.82,454.82,454.82,0.0
2026-04-25 14:20:00,454.82,454.82,454.82,454.82,0.0
2026-04-25 14:25:00,454.82,454.82,454.82,454.82,0.0
2026-04-25 14:30:00,454.82,454.82,454.82,454.82,0.0
2026-04-25 14:35:00,454.82,454.82,454.82,454.82,0.0
2026-04-25 14:40:00,454.82,454.82,454.82,454.82,0.0
2026-04-25 14:45:00,454.82,454.82,454.82,454.82,0.0
2026-04-25 14:50:00,454.82,454.82,454.82,454.82,0.0
2026-04-25 14:55:00,454.82,454.82,454.82,454.82,0.0
2026-04-25 15:00:00,454.82,454.82,454.82,454.82,0.0
2026-04-25 15:05:00,454.82,454.82,454.82,454.82,0.0
2026-04-25 15:10:00,454.82,454.82,454.82,454.82,0.0
2026-04-25 15:15:00,454.82,454.82,454.82,454.82,0.0
2026-04-25 15:20:00,454.89,454.89,454.89,454.89,0.10198022
2026-04-25 15:25:00,454.89,454.89,454.89,454.89,0.0
2026-04-25 15:30:00,454.89,454.89,454.89,454.89,0.0
2026-04-25 15:35:00,454.89,454.89,454.89,454.89,0.0
2026-04-25 15:40:00,454.89,454.89,454.89,454.89,0.0
2026-04-25 15:45:00,454.89,454.89,454.89,454.89,0.0
2026-04-25 15:50:00,454.89,454.89,454.89,454.89,0.0
2026-04-25 15:55:00,454.89,454.89,454.89,454.89,0.0
2026-04-25 16:00:00,454.89,454.89,454.89,454.89,0.0
2026-04-25 16:05:00,454.89,454.89,454.89,454.89,0.0
2026-04-25 16:10:00,454.89,454.89,454.89,454.89,0.0
2026-04-25 16:15:00,454.89,454.89,454.89,454.89,0.0
2026-04-25 16:20:00,454.89,454.89,454.89,454.89,0.0
2026-04-25 16:25:00,454.89,454.89,454.89,454.89,0.0
2026-04-25 16:30:00,454.89,454.89,454.89,454.89,0.0
2026-04-25 16:35:00,454.89,454.89,454.89,454.89,0.0
2026-04-25 16:40:00,454.89,454.89,454.89,454.89,0.0
2026-04-25 16:45:00,454.89,454.89,454.89,454.89,0.0
2026-04-25 16:50:00,454.89,454.89,454.89,454.89,0.0
2026-04-25 16:55:00,454.89,454.89,454.89,454.89,0.0
2026-04-25 17:00:00,454.89,454.89,454.89,454.89,0.0
2026-04-25 17:05:00,454.89,454.89,454.89,454.89,0.0
2026-04-25 17:10:00,454.89,454.89,454.89,454.89,0.0
2026-04-25 17:15:00,454.89,454.89,454.89,454.89,0.0
2026-04-25 17:20:00,454.89,454.89,454.89,454.89,0.0
2026-04-25 17:25:00,453.19,453.19,453.19,453.19,0.04182545
2026-04-25 17:30:00,453.19,453.19,453.19,453.19,0.0
2026-04-25 17:35:00,453.19,453.19,453.19,453.19,0.0
2026-04-25 17:40:00,453.19,453.19,453.19,453.19,0.0
2026-04-25 17:45:00,453.19,453.19,453.19,453.19,0.0
2026-04-25 17:50:00,453.19,453.19,453.19,453.19,0.0
2026-04-25 17:55:00,453.19,453.19,453.19,453.19,0.0
2026-04-25 18:00:00,453.19,453.19,453.19,453.19,0.0
2026-04-25 18:05:00,453.19,453.19,453.19,453.19,0.0
2026-04-25 18:10:00,453.19,453.19,453.19,453.19,0.0
2026-04-25 18:15:00,453.19,453.19,453.19,453.19,0.0
2026-04-25 18:20:00,453.19,453.19,453.19,453.19,0.0
2026-04-25 18:25:00,453.19,453.19,453.19,453.19,0.0
2026-04-25 18:30:00,453.19,453.19,453.19,453.19,0.0
2026-04-25 18:35:00,453.19,453.19,453.19,453.19,0.0
2026-04-25 18:40:00,453.19,453.19,453.19,453.19,0.0
2026-04-25 18:45:00,453.19,453.19,453.19,453.19,0.0
2026-04-25 18:50:00,453.19,453.19,453.19,453.19,0.0
2026-04-25 18:55:00,453.19,453.19,453.19,453.19,0.0
2026-04-25 19:00:00,452.36,452.36,452.36,452.36,0.04415077
2026-04-25 19:05:00,452.36,452.36,452.36,452.36,0.0
2026-04-25 19:10:00,452.36,452.36,452.36,452.36,0.0
2026-04-25 19:15:00,452.36,452.36,452.36,452.36,0.0
2026-04-25 19:20:00,452.7,452.7,452.7,452.7,0.71298598
2026-04-25 19:25:00,452.7,452.7,452.7,452.7,0.0
2026-04-25 19:30:00,452.7,452.7,452.7,452.7,0.0
2026-04-25 19:35:00,452.7,452.7,452.7,452.7,0.0
2026-04-25 19:40:00,452.7,452.7,452.7,452.7,0.0
2026-04-25 19:45:00,452.7,452.7,452.7,452.7,0.0
2026-04-25 19:50:00,452.7,452.7,452.7,452.7,0.0
2026-04-25 19:55:00,452.7,452.7,452.7,452.7,0.0
2026-04-25 20:00:00,452.7,452.7,452.7,452.7,0.0
2026-04-25 20:05:00,452.7,452.7,452.7,452.7,0.0
2026-04-25 20:10:00,452.7,452.7,452.7,452.7,0.0
2026-04-25 20:15:00,452.7,452.7,452.7,452.7,0.0
2026-04-25 20:20:00,452.7,452.7,452.7,452.7,0.0
2026-04-25 20:25:00,452.7,452.7,452.7,452.7,0.0
2026-04-25 20:30:00,452.7,452.7,452.7,452.7,0.0
2026-04-25 20:35:00,452.7,452.7,452.7,452.7,0.0
2026-04-25 20:40:00,452.7,452.7,452.7,452.7,0.0
2026-04-25 20:45:00,452.7,452.7,452.7,452.7,0.0
2026-04-25 20:50:00,452.17,452.17,452.17,452.17,0.06627558
2026-04-25 20:55:00,452.17,452.17,452.17,452.17,0.0
2026-04-25 21:00:00,452.17,452.17,452.17,452.17,0.0
2026-04-25 21:05:00,452.17,452.17,452.17,452.17,0.0
2026-04-25 21:10:00,452.17,452.17,452.17,452.17,0.0
2026-04-25 21:15:00,452.17,452.17,452.17,452.17,0.0
2026-04-25 21:20:00,452.17,452.17,452.17,452.17,0.0
2026-04-25 21:25:00,452.17,452.17,452.17,452.17,0.0
2026-04-25 21:30:00,452.17,452.17,452.17,452.17,0.0
2026-04-25 21:35:00,452.17,452.17,452.17,452.17,0.0
2026-04-25 21:40:00,452.17,452.17,452.17,452.17,0.0
2026-04-25 21:45:00,452.17,452.17,452.17,452.17,0.0
2026-04-25 21:50:00,452.17,452.17,452.17,452.17,0.0
2026-04-25 21:55:00,452.17,452.17,452.17,452.17,0.0
2026-04-25 22:00:00,452.17,452.17,452.17,452.17,0.0
2026-04-25 22:05:00,452.17,452.17,452.17,452.17,0.0
2026-04-25 22:10:00,452.17,452.17,452.17,452.17,0.0
2026-04-25 22:15:00,452.95,452.95,452.95,452.95,0.05839368
2026-04-25 22:20:00,452.95,452.95,452.95,452.95,0.0
2026-04-25 22:25:00,452.95,452.95,452.95,452.95,0.0
2026-04-25 22:30:00,453.72,454.3,453.72,454.25,0.16370364
2026-04-25 22:35:00,454.25,454.25,454.25,454.25,0.0
2026-04-25 22:40:00,454.25,454.25,454.25,454.25,0.0
2026-04-25 22:45:00,454.25,454.25,454.25,454.25,0.0
2026-04-25 22:50:00,454.25,454.25,454.25,454.25,0.0
2026-04-25 22:55:00,454.25,454.25,454.25,454.25,0.0
2026-04-25 23:00:00,454.25,454.25,454.25,454.25,0.0
2026-04-25 23:05:00,454.25,454.25,454.25,454.25,0.0
2026-04-25 23:10:00,454.25,454.25,454.25,454.25,0.0
2026-04-25 23:15:00,454.25,454.25,454.25,454.25,0.0
2026-04-25 23:20:00,454.25,454.25,454.25,454.25,0.0
2026-04-25 23:25:00,454.25,454.25,454.25,454.25,0.0
2026-04-25 23:30:00,454.25,454.25,454.25,454.25,0.0
2026-04-25 23:35:00,454.25,454.25,454.25,454.25,0.0
2026-04-25 23:40:00,454.25,454.25,454.25,454.25,0.0
2026-04-25 23:45:00,453.18,453.18,453.17,453.17,0.37297615
2026-04-25 23:50:00,453.17,453.17,453.17,453.17,0.0
2026-04-25 23:55:00,453.17,453.17,453.17,453.17,0.0
2026-04-26 00:00:00,453.17,453.17,453.17,453.17,0.0
2026-04-26 00:05:00,453.17,453.17,453.17,453.17,0.0
2026-04-26 00:10:00,452.48,452.48,452.48,452.48,0.17643774
2026-04-26 00:15:00,452.48,452.48,452.48,452.48,0.0
2026-04-26 00:20:00,452.48,452.48,452.48,452.48,0.0
2026-04-26 00:25:00,452.48,452.48,452.48,452.48,0.0
2026-04-26 00:30:00,452.48,452.48,452.48,452.48,0.0
2026-04-26 00:35:00,452.48,452.48,452.48,452.48,0.0
2026-04-26 00:40:00,453.21,453.21,453.21,453.21,0.01871493
2026-04-26 00:45:00,453.21,453.21,453.21,453.21,0.0
2026-04-26 00:50:00,453.21,453.21,453.21,453.21,0.0
2026-04-26 00:55:00,453.21,453.21,453.21,453.21,0.0
2026-04-26 01:00:00,453.21,453.21,453.21,453.21,0.0
2026-04-26 01:05:00,453.21,453.21,453.21,453.21,0.0
2026-04-26 01:10:00,453.21,453.21,453.21,453.21,0.0
2026-04-26 01:15:00,453.21,453.21,453.21,453.21,0.0
2026-04-26 01:20:00,453.21,453.21,453.21,453.21,0.0
2026-04-26 01:25:00,453.21,453.21,453.21,453.21,0.0
2026-04-26 01:30:00,453.21,453.21,453.21,453.21,0.0
2026-04-26 01:35:00,452.18,452.18,452.18,452.18,0.0629171
2026-04-26 01:40:00,452.18,452.18,452.18,452.18,0.0
2026-04-26 01:45:00,452.18,452.18,452.18,452.18,0.0
2026-04-26 01:50:00,452.18,452.18,452.18,452.18,0.0
2026-04-26 01:55:00,452.1,452.1,452.1,452.1,0.01958688
2026-04-26 02:00:00,452.1,452.1,452.1,452.1,0.0
2026-04-26 02:05:00,452.1,452.1,452.1,452.1,0.0
2026-04-26 02:10:00,452.1,452.1,452.1,452.1,0.0
2026-04-26 02:15:00,452.37,452.37,452.37,452.37,0.03846075
2026-04-26 02:20:00,452.37,452.37,452.37,452.37,0.0
2026-04-26 02:25:00,452.37,452.37,452.37,452.37,0.0
2026-04-26 02:30:00,452.37,452.37,452.37,452.37,0.0
2026-04-26 02:35:00,452.37,452.37,452.37,452.37,0.0
2026-04-26 02:40:00,452.37,452.37,452.37,452.37,0.0
2026-04-26 02:45:00,452.37,452.37,452.37,452.37,0.0
2026-04-26 02:50:00,452.37,452.37,452.37,452.37,0.0
2026-04-26 02:55:00,452.37,452.37,452.37,452.37,0.0
2026-04-26 03:00:00,452.37,452.37,452.37,452.37,0.0
2026-04-26 03:05:00,452.37,452.37,452.37,452.37,0.0
2026-04-26 03:10:00,452.37,452.37,452.37,452.37,0.0
2026-04-26 03:15:00,452.37,452.37,452.37,452.37,0.0
2026-04-26 03:20:00,452.37,452.37,452.37,452.37,0.0
2026-04-26 03:25:00,452.37,452.37,452.37,452.37,0.0
2026-04-26 03:30:00,452.37,452.37,452.37,452.37,0.0
2026-04-26 03:35:00,452.37,452.37,452.37,452.37,0.0
2026-04-26 03:40:00,452.37,452.37,452.37,452.37,0.0
2026-04-26 03:45:00,452.37,452.37,452.37,452.37,0.0
2026-04-26 03:50:00,452.37,452.37,452.37,452.37,0.0
2026-04-26 03:55:00,452.37,452.37,452.37,452.37,0.0
2026-04-26 04:00:00,452.37,452.37,452.37,452.37,0.0
2026-04-26 04:05:00,452.37,452.37,452.37,452.37,0.0
2026-04-26 04:10:00,452.36,452.36,452.36,452.36,0.21630976
2026-04-26 04:15:00,452.36,452.36,452.36,452.36,0.0
2026-04-26 04:20:00,452.36,452.36,452.36,452.36,0.0
2026-04-26 04:25:00,452.36,452.36,452.36,452.36,0.0
2026-04-26 04:30:00,452.36,452.36,452.36,452.36,0.0
2026-04-26 04:35:00,452.36,452.36,452.36,452.36,0.0
2026-04-26 04:40:00,452.36,452.36,452.36,452.36,0.0
2026-04-26 04:45:00,453.41,453.67,453.41,453.67,0.1294588
2026-04-26 04:50:00,453.67,453.67,453.67,453.67,0.0
2026-04-26 04:55:00,453.67,453.67,453.67,453.67,0.0
2026-04-26 05:00:00,453.67,453.67,453.67,453.67,0.0
2026-04-26 05:05:00,453.67,453.67,453.67,453.67,0.0
2026-04-26 05:10:00,454.05,454.05,454.05,454.05,0.06900871
2026-04-26 05:15:00,455.59,455.64,455.59,455.64,0.37434755
2026-04-26 05:20:00,455.64,455.64,455.64,455.64,0.0
2026-04-26 05:25:00,455.64,455.64,455.64,455.64,0.0
2026-04-26 05:30:00,455.64,455.64,455.64,455.64,0.0
2026-04-26 05:35:00,455.64,455.64,455.64,455.64,0.0
2026-04-26 05:40:00,455.64,455.64,455.64,455.64,0.0
2026-04-26 05:45:00,455.64,455.64,455.64,455.64,0.0
2026-04-26 05:50:00,455.64,455.64,455.64,455.64,0.0
2026-04-26 05:55:00,455.64,455.64,455.64,455.64,0.0
2026-04-26 06:00:00,455.64,455.64,455.64,455.64,0.0
2026-04-26 06:05:00,455.64,455.64,455.64,455.64,0.0
2026-04-26 06:10:00,455.64,455.64,455.64,455.64,0.0
2026-04-26 06:15:00,455.64,455.64,455.64,455.64,0.0
2026-04-26 06:20:00,455.64,455.64,455.64,455.64,0.0
2026-04-26 06:25:00,455.64,455.64,455.64,455.64,0.0
2026-04-26 06:30:00,455.64,455.64,455.64,455.64,0.0
2026-04-26 06:35:00,455.64,455.64,455.64,455.64,0.0
2026-04-26 06:40:00,455.64,455.64,455.64,455.64,0.0
2026-04-26 06:45:00,455.64,455.64,455.64,455.64,0.0
2026-04-26 06:50:00,455.64,455.64,455.64,455.64,0.0
2026-04-26 06:55:00,455.64,455.64,455.64,455.64,0.0
2026-04-26 07:00:00,455.64,455.64,455.64,455.64,0.0
2026-04-26 07:05:00,455.64,455.64,455.64,455.64,0.0
2026-04-26 07:10:00,453.11,453.11,453.11,453.11,0.22068371
2026-04-26 07:15:00,453.11,453.11,453.11,453.11,0.0
2026-04-26 07:20:00,453.11,453.11,453.11,453.11,0.0
2026-04-26 07:25:00,453.11,453.11,453.11,453.11,0.0
2026-04-26 07:30:00,453.11,453.11,453.11,453.11,0.0
2026-04-26 07:35:00,452.88,452.88,452.88,452.88,0.15930808
2026-04-26 07:40:00,452.88,452.88,452.88,452.88,0.0
2026-04-26 07:45:00,452.88,452.88,452.88,452.88,0.0
2026-04-26 07:50:00,452.88,452.88,452.88,452.88,0.0
2026-04-26 07:55:00,452.88,452.88,452.88,452.88,0.0
2026-04-26 08:00:00,452.88,452.88,452.88,452.88,0.0
2026-04-26 08:05:00,453.93,453.93,453.93,453.93,0.5396963
2026-04-26 08:10:00,453.93,453.93,453.93,453.93,0.0
2026-04-26 08:15:00,453.93,453.93,453.93,453.93,0.0
2026-04-26 08:20:00,453.93,453.93,453.93,453.93,0.0
2026-04-26 08:25:00,453.93,453.93,453.93,453.93,0.0
2026-04-26 08:30:00,453.93,453.93,453.93,453.93,0.0
2026-04-26 08:35:00,453.8,453.8,453.8,453.8,0.00321559
2026-04-26 08:40:00,453.8,453.8,453.8,453.8,0.0
2026-04-26 08:45:00,453.8,453.8,453.8,453.8,0.0
2026-04-26 08:50:00,453.8,453.8,453.8,453.8,0.0
2026-04-26 08:55:00,453.8,453.8,453.8,453.8,0.0
2026-04-26 09:00:00,453.8,453.8,453.8,453.8,0.0
2026-04-26 09:05:00,453.8,453.8,453.8,453.8,0.0
2026-04-26 09:10:00,453.8,453.8,453.8,453.8,0.0
2026-04-26 09:15:00,453.8,453.8,453.8,453.8,0.0
2026-04-26 09:20:00,453.8,453.8,453.8,453.8,0.0
2026-04-26 09:25:00,453.8,453.8,453.8,453.8,0.0
2026-04-26 09:30:00,453.8,453.8,453.8,453.8,0.0
2026-04-26 09:35:00,453.8,453.8,453.8,453.8,0.0
2026-04-26 09:40:00,453.8,453.8,453.8,453.8,0.0
2026-04-26 09:45:00,453.8,453.8,453.8,453.8,0.0
2026-04-26 09:50:00,453.8,453.8,453.8,453.8,0.0
2026-04-26 09:55:00,453.8,453.8,453.8,453.8,0.0
2026-04-26 10:00:00,453.8,453.8,453.8,453.8,0.0
2026-04-26 10:05:00,453.8,453.8,453.8,453.8,0.0
2026-04-26 10:10:00,453.8,453.8,453.8,453.8,0.0
2026-04-26 10:15:00,453.8,453.8,453.8,453.8,0.0
2026-04-26 10:20:00,453.8,453.8,453.8,453.8,0.0
2026-04-26 10:25:00,453.8,453.8,453.8,453.8,0.0
2026-04-26 10:30:00,453.8,453.8,453.8,453.8,0.0
2026-04-26 10:35:00,453.8,453.8,453.8,453.8,0.0
2026-04-26 10:40:00,453.8,453.8,453.8,453.8,0.0
2026-04-26 10:45:00,453.8,453.8,453.8,453.8,0.0
2026-04-26 10:50:00,453.8,453.8,453.8,453.8,0.0
2026-04-26 10:55:00,453.8,453.8,453.8,453.8,0.0
2026-04-26 11:00:00,453.8,453.8,453.8,453.8,0.0
2026-04-26 11:05:00,453.8,453.8,453.8,453.8,0.0
2026-04-26 11:10:00,453.8,453.8,453.8,453.8,0.0
2026-04-26 11:15:00,453.8,453.8,453.8,453.8,0.0
2026-04-26 11:20:00,453.8,453.8,453.8,453.8,0.0
2026-04-26 11:25:00,453.8,453.8,453.8,453.8,0.0
2026-04-26 11:30:00,453.8,453.8,453.8,453.8,0.0
2026-04-26 11:35:00,453.8,453.8,453.8,453.8,0.0
2026-04-26 11:40:00,453.8,453.8,453.8,453.8,0.0
2026-04-26 11:45:00,453.8,453.8,453.8,453.8,0.0
2026-04-26 11:50:00,453.8,453.8,453.8,453.8,0.0
2026-04-26 11:55:00,453.8,453.8,453.8,453.8,0.0
2026-04-26 12:00:00,453.8,453.8,453.8,453.8,0.0
2026-04-26 12:05:00,453.8,453.8,453.8,453.8,0.0
2026-04-26 12:10:00,453.8,453.8,453.8,453.8,0.0
2026-04-26 12:15:00,453.8,453.8,453.8,453.8,0.0
2026-04-26 12:20:00,453.8,453.8,453.8,453.8,0.0
2026-04-26 12:25:00,453.8,453.8,453.8,453.8,0.0
2026-04-26 12:30:00,453.8,453.8,453.8,453.8,0.0
2026-04-26 12:35:00,453.8,453.8,453.8,453.8,0.0
2026-04-26 12:40:00,453.8,453.8,453.8,453.8,0.0
2026-04-26 12:45:00,453.8,453.8,453.8,453.8,0.0
2026-04-26 12:50:00,453.8,453.8,453.8,453.8,0.0
2026-04-26 12:55:00,453.8,453.8,453.8,453.8,0.0
2026-04-26 13:00:00,453.8,453.8,453.8,453.8,0.0
2026-04-26 13:05:00,451.1,451.1,450.68,450.68,0.10846049
2026-04-26 13:10:00,450.68,450.68,450.68,450.68,0.0
2026-04-26 13:15:00,450.68,450.68,450.68,450.68,0.0
2026-04-26 13:20:00,450.68,450.68,450.68,450.68,0.0
2026-04-26 13:25:00,450.68,450.68,450.68,450.68,0.0
2026-04-26 13:30:00,451.06,451.11,451.06,451.11,2.18982459
2026-04-26 13:35:00,451.11,451.11,451.11,451.11,0.0
2026-04-26 13:40:00,451.11,451.11,451.11,451.11,0.0
2026-04-26 13:45:00,451.11,451.11,451.11,451.11,0.0
2026-04-26 13:50:00,451.11,451.11,451.11,451.11,0.0
2026-04-26 13:55:00,451.11,451.11,451.11,451.11,0.0
2026-04-26 14:00:00,451.11,451.11,451.11,451.11,0.0
2026-04-26 14:05:00,451.11,451.11,451.11,451.11,0.0
2026-04-26 14:10:00,451.11,451.11,451.11,451.11,0.0
2026-04-26 14:15:00,451.41,451.41,451.41,451.41,0.13274043
2026-04-26 14:20:00,451.71,451.87,451.71,451.87,0.46632305
2026-04-26 14:25:00,451.87,451.87,451.87,451.87,0.0
2026-04-26 14:30:00,451.87,451.87,451.87,451.87,0.0
2026-04-26 14:35:00,451.87,451.87,451.87,451.87,0.0
2026-04-26 14:40:00,451.87,451.87,451.87,451.87,0.0
2026-04-26 14:45:00,451.87,451.87,451.87,451.87,0.0
2026-04-26 14:50:00,451.87,451.87,451.87,451.87,0.0
2026-04-26 14:55:00,451.87,451.87,451.87,451.87,0.0
2026-04-26 15:00:00,451.87,451.87,451.87,451.87,0.0
2026-04-26 15:05:00,451.87,451.87,451.87,451.87,0.0
2026-04-26 15:10:00,451.87,451.87,451.87,451.87,0.0
2026-04-26 15:15:00,451.87,451.87,451.87,451.87,0.0
2026-04-26 15:20:00,451.87,451.87,451.87,451.87,0.0
2026-04-26 15:25:00,451.87,451.87,451.87,451.87,0.0
2026-04-26 15:30:00,451.87,451.87,451.87,451.87,0.0
2026-04-26 15:35:00,451.87,451.87,451.87,451.87,0.0
2026-04-26 15:40:00,451.87,451.87,451.87,451.87,0.0
2026-04-26 15:45:00,451.87,451.87,451.87,451.87,0.0
2026-04-26 15:50:00,451.87,451.87,451.87,451.87,0.0
2026-04-26 15:55:00,451.87,451.87,451.87,451.87,0.0
2026-04-26 16:00:00,451.87,451.87,451.87,451.87,0.0
2026-04-26 16:05:00,451.87,451.87,451.87,451.87,0.0
2026-04-26 16:10:00,451.87,451.87,451.87,451.87,0.0
2026-04-26 16:15:00,451.87,451.87,451.87,451.87,0.0
2026-04-26 16:20:00,451.87,451.87,451.87,451.87,0.0
2026-04-26 16:25:00,451.87,451.87,451.87,451.87,0.0
2026-04-26 16:30:00,451.87,451.87,451.87,451.87,0.0
2026-04-26 16:35:00,451.87,451.87,451.87,451.87,0.0
2026-04-26 16:40:00,451.87,451.87,451.87,451.87,0.0
2026-04-26 16:45:00,451.87,451.87,451.87,451.87,0.0
2026-04-26 16:50:00,451.87,451.87,451.87,451.87,0.0
2026-04-26 16:55:00,451.87,451.87,451.87,451.87,0.0
2026-04-26 17:00:00,451.87,451.87,451.87,451.87,0.0
2026-04-26 17:05:00,451.87,451.87,451.87,451.87,0.0
2026-04-26 17:10:00,451.87,451.87,451.87,451.87,0.0
2026-04-26 17:15:00,451.87,451.87,451.87,451.87,0.0
2026-04-26 17:20:00,451.87,451.87,451.87,451.87,0.0
2026-04-26 17:25:00,451.87,451.87,451.87,451.87,0.0
2026-04-26 17:30:00,451.87,451.87,451.87,451.87,0.0
2026-04-26 17:35:00,451.87,451.87,451.87,451.87,0.0
2026-04-26 17:40:00,451.87,451.87,451.87,451.87,0.0
2026-04-26 17:45:00,451.87,451.87,451.87,451.87,0.0
2026-04-26 17:50:00,451.87,451.87,451.87,451.87,0.0
2026-04-26 17:55:00,451.87,451.87,451.87,451.87,0.0
2026-04-26 18:00:00,451.87,451.87,451.87,451.87,0.0
2026-04-26 18:05:00,451.87,451.87,451.87,451.87,0.0
